b0814b,127.0.0.1,GET,http://localhost2/,1418713386,
e1e91b,127.0.0.1,GET,http://localhost2/,1418713393,
f80a10,127.0.0.1,GET,http://localhost2/login,1418713461,
b52790,127.0.0.1,POST,http://localhost2/login_check,1418713485,
4b58c2,127.0.0.1,GET,http://localhost2/,1418713485,
4dfca0,127.0.0.1,GET,http://localhost2/user,1418713492,
a4785a,127.0.0.1,GET,http://localhost2/user/password,1418713494,
38c875,127.0.0.1,GET,http://localhost2/user,1418713495,
97b1ef,127.0.0.1,POST,http://localhost2/user,1418713502,
81b9a1,127.0.0.1,GET,http://localhost2/logout,1418713504,
f35c93,127.0.0.1,GET,http://localhost2/,1418713505,
bdd87b,127.0.0.1,GET,http://localhost2/login,1418713506,
c0775d,127.0.0.1,POST,http://localhost2/login_check,1418713518,
88faff,127.0.0.1,GET,http://localhost2/,1418713518,
d5879c,127.0.0.1,GET,http://localhost2/admin,1418713542,
b867fd,127.0.0.1,GET,http://localhost2/admin/user/4/,1418713546,
5c3c2b,127.0.0.1,GET,http://localhost2/admin/user/4/role,1418713548,
cdd444,127.0.0.1,POST,http://localhost2/admin/user/4/role,1418713550,
d24870,127.0.0.1,GET,http://localhost2/admin/user/4/,1418713570,
55bf45,127.0.0.1,GET,http://localhost2/admin/user/4/role,1418713572,
d8d791,127.0.0.1,GET,http://localhost2/admin/user/4/,1418713573,
d45617,127.0.0.1,GET,http://localhost2/admin,1418713574,
d5f716,127.0.0.1,GET,http://localhost2/user,1418713887,
d94255,127.0.0.1,GET,http://localhost2/user/password,1418713888,
b7ea43,127.0.0.1,GET,http://localhost2/user,1418713889,
dece32,127.0.0.1,GET,http://localhost2/admin,1418713890,
864fee,127.0.0.1,GET,http://localhost2/items/type=4,1418714091,
800212,127.0.0.1,GET,http://localhost2/,1418714108,
a974fb,127.0.0.1,GET,http://localhost2/admin,1418714137,
ae842a,127.0.0.1,GET,http://localhost2/,1418714252,
